,cpu limit,memory limit,number of pods,ratio response time,ratio cpu usage,ratio memory usage
cpu limit,1.0,2.403976395726204e-16,-6.063298011819522e-17,-0.09274080672537816,-0.24638901660664247,-0.10599376915817287
memory limit,2.403976395726204e-16,1.0,-7.579122514774401e-18,-0.00823989905540174,-0.016257849511085855,-0.4374905984895157
number of pods,-6.063298011819522e-17,-7.579122514774401e-18,1.0,-0.45117426956845064,-0.6081793830835073,-0.1332544337713836
ratio response time,-0.09274080672537816,-0.00823989905540174,-0.45117426956845064,1.0,0.7500712117563579,0.592195508817396
ratio cpu usage,-0.24638901660664247,-0.016257849511085855,-0.6081793830835073,0.7500712117563579,1.0,0.6888994725620701
ratio memory usage,-0.10599376915817287,-0.4374905984895157,-0.1332544337713836,0.592195508817396,0.6888994725620701,1.0
