metric,response time exceeded,response time valid,cpu in threshold,cpu out of threshold,memory in threshold,memory out of threshold,average cpu limit,average memory limit,average pods,metric 50/50,median response time,average cpu usage,average memory usage
timestamp,61,0,5,56,39,22,608.7596153846154,467.95576923076925,9.15,387.35,3366.815549178189,50.41405388928981,73.24333138173301
cpu,61,0,5,56,39,22,608.7596153846154,467.95576923076925,9.15,387.35,3366.815549178189,50.41405388928981,73.24333138173301
latency95,61,0,5,56,39,22,608.7596153846154,467.95576923076925,9.15,387.35,3366.815549178189,50.41405388928981,73.24333138173301
median_latency,61,0,5,56,39,22,608.7596153846154,467.95576923076925,9.15,387.35,3366.815549178189,50.41405388928981,73.24333138173301
memory,61,0,5,56,39,22,608.7596153846154,467.95576923076925,9.15,387.35,3366.815549178189,50.41405388928981,73.24333138173301
response_time,61,0,5,56,39,22,608.7596153846154,467.95576923076925,9.15,387.35,3366.815549178189,50.41405388928981,73.24333138173301
rps,61,0,5,56,39,22,608.7596153846154,467.95576923076925,9.15,387.35,3366.815549178189,50.41405388928981,73.24333138173301
