,cpu limit,memory limit,number of pods,cpu usage,memory usage,average response time
cpu limit,1.0,1.5473536526163405e-16,-9.530746562328803e-17,0.03373163680659271,-0.02050382787954282,-0.18271150939986766
memory limit,1.5473536526163405e-16,1.0,-1.913728434980534e-17,0.06653039454710469,-0.24988000807432406,-0.06808466060554132
number of pods,-9.530746562328803e-17,-1.913728434980534e-17,1.0,-0.04935990299929578,-0.006329638843577291,-0.029275167590444975
cpu usage,0.03373163680659271,0.06653039454710469,-0.04935990299929578,1.0,0.14368263490823616,0.07094838209301517
memory usage,-0.02050382787954282,-0.24988000807432406,-0.006329638843577291,0.14368263490823616,1.0,-0.18745150673492988
average response time,-0.18271150939986766,-0.06808466060554132,-0.029275167590444975,0.07094838209301517,-0.18745150673492988,1.0
