,cpu limit,memory limit,number of pods,ratio response time,ratio cpu usage,ratio memory usage
cpu limit,1.0,2.0815059542655958e-16,3.283275873400269e-17,-0.10328365797940123,-0.25251247083823364,-0.10462945772281126
memory limit,2.0815059542655958e-16,1.0,1.8826540326699607e-17,-0.0062340574390213855,-0.01450782435479298,-0.49923884637548804
number of pods,3.283275873400269e-17,1.8826540326699607e-17,1.0,-0.4616030096840125,-0.6408939416143369,-0.17322438655513145
ratio response time,-0.10328365797940123,-0.0062340574390213855,-0.4616030096840125,1.0,0.7490392480437289,0.5549471869507066
ratio cpu usage,-0.25251247083823364,-0.01450782435479298,-0.6408939416143369,0.7490392480437289,1.0,0.5868707605291007
ratio memory usage,-0.10462945772281126,-0.49923884637548804,-0.17322438655513145,0.5549471869507066,0.5868707605291007,1.0
