metric,response time exceeded,response time valid,cpu in threshold,cpu out of threshold,memory in threshold,memory out of threshold,average cpu limit,average memory limit,average pods,metric 50/50,median response time,average cpu usage,average memory usage
timestamp,0,61,3,53,34,27,500.0,500.0,1.0,40.0,61.30780691299166,26.313805444280977,69.11934426229509
cpu,0,56,3,53,32,24,500.0,500.0,1.0,38.5,61.30780691299166,26.313805444280977,69.11934426229509
latency95,0,61,3,53,34,27,500.0,500.0,1.0,40.0,61.30780691299166,26.313805444280977,69.11934426229509
median_latency,0,61,3,53,34,27,500.0,500.0,1.0,40.0,61.30780691299166,26.313805444280977,69.11934426229509
memory,0,61,3,53,34,27,500.0,500.0,1.0,40.0,61.30780691299166,26.313805444280977,69.11934426229509
response_time,0,61,3,53,34,27,500.0,500.0,1.0,40.0,61.30780691299166,26.313805444280977,69.11934426229509
rps,0,61,3,53,34,27,500.0,500.0,1.0,40.0,61.30780691299166,26.313805444280977,69.11934426229509
