Type,Name,Request Count,Failure Count,Median Response Time,Average Response Time,Min Response Time,Max Response Time,Average Content Size,Requests/s,Failures/s,9000%,5000%
GET,/,389,2,200,690.3136246786632,16,39940,8648.21850899743,1.2967374719339584,0.006667030704030634,40000,40000
POST,/cartAction,1143,0,7,112.34033245844269,2,29742,0.0,3.810208047353507,0.0,30000,30000
GET,/category,957,1,200,264.5182863113898,13,22096,8647.954022988506,3.190174191878658,0.003333515352015317,22000,22000
GET,/login,389,0,200,410.31362467866325,23,8900,9653.0,1.2967374719339584,0.0,8900,8900
POST,/loginAction,772,1,200,379.8380829015544,28,51844,8654.61787564767,2.573473851755825,0.003333515352015317,52000,52000
GET,/product,957,1,200,237.09717868338558,15,890,8647.954022988506,3.190174191878658,0.003333515352015317,890,890
GET,/profile,385,0,280,404.9714285714286,27,22181,8657.0,1.2834034105258971,0.0,22000,22000
,Aggregated,4992,5,190,297.625,2,51844,6747.930288461538,16.640908637260463,0.016667576760076585,52000,52000
