metric,response time exceeded,response time valid,cpu in threshold,cpu out of threshold,memory in threshold,memory out of threshold,average cpu limit,average memory limit,average pods,metric 50/50,median response time,average cpu usage,average memory usage
timestamp,28,33,11,49,0,61,559.3409541847041,559.1764087301588,5.25,302.75,952.924882629108,46.71445976619524,52.37050078064012
cpu,27,33,11,49,0,60,559.3409541847041,559.1764087301588,5.25,299.625,952.924882629108,46.71445976619524,52.37050078064012
latency95,28,33,11,49,0,61,559.3409541847041,559.1764087301588,5.25,302.75,952.924882629108,46.71445976619524,52.37050078064012
median_latency,28,33,11,49,0,61,559.3409541847041,559.1764087301588,5.25,302.75,952.924882629108,46.71445976619524,52.37050078064012
memory,28,33,11,49,0,61,559.3409541847041,559.1764087301588,5.25,302.75,952.924882629108,46.71445976619524,52.37050078064012
response_time,28,33,11,49,0,61,559.3409541847041,559.1764087301588,5.25,302.75,952.924882629108,46.71445976619524,52.37050078064012
rps,28,33,11,49,0,61,559.3409541847041,559.1764087301588,5.25,302.75,952.924882629108,46.71445976619524,52.37050078064012
