metric,response time exceeded,response time valid,cpu in threshold,cpu out of threshold,memory in threshold,memory out of threshold,average cpu limit,average memory limit,average pods,metric 50/50,median response time,average cpu usage,average memory usage
timestamp,34,27,15,46,34,27,500.0,500.0,5.55,219.575,1141.7464033850497,41.363871149527014,66.02898360655738
cpu,34,27,15,46,34,27,500.0,500.0,5.55,219.575,1141.7464033850497,41.363871149527014,66.02898360655738
latency95,34,27,15,46,34,27,500.0,500.0,5.55,219.575,1141.7464033850497,41.363871149527014,66.02898360655738
median_latency,34,27,15,46,34,27,500.0,500.0,5.55,219.575,1141.7464033850497,41.363871149527014,66.02898360655738
memory,34,27,15,46,34,27,500.0,500.0,5.55,219.575,1141.7464033850497,41.363871149527014,66.02898360655738
response_time,34,27,15,46,34,27,500.0,500.0,5.55,219.575,1141.7464033850497,41.363871149527014,66.02898360655738
rps,34,27,15,46,34,27,500.0,500.0,5.55,219.575,1141.7464033850497,41.363871149527014,66.02898360655738
