metric,response time exceeded,response time valid,cpu in threshold,cpu out of threshold,memory in threshold,memory out of threshold,average cpu limit,average memory limit,average pods,metric 50/50,median response time,average cpu usage,average memory usage
timestamp,4,57,10,50,21,40,500.0,500.0,2.15,98.75,455.1994960100798,47.34637091921643,62.013579234972674
cpu,4,56,10,50,21,39,500.0,500.0,2.15,97.675,455.1994960100798,47.34637091921643,62.013579234972674
latency95,4,57,10,50,21,40,500.0,500.0,2.15,98.75,455.1994960100798,47.34637091921643,62.013579234972674
median_latency,4,57,10,50,21,40,500.0,500.0,2.15,98.75,455.1994960100798,47.34637091921643,62.013579234972674
memory,4,57,10,50,21,40,500.0,500.0,2.15,98.75,455.1994960100798,47.34637091921643,62.013579234972674
response_time,4,57,10,50,21,40,500.0,500.0,2.15,98.75,455.1994960100798,47.34637091921643,62.013579234972674
rps,4,57,10,50,21,40,500.0,500.0,2.15,98.75,455.1994960100798,47.34637091921643,62.013579234972674
