metric,response time exceeded,response time valid,cpu in threshold,cpu out of threshold,memory in threshold,memory out of threshold,average cpu limit,average memory limit,average pods,metric 50/50,average response time,average cpu usage,average memory usage
timestamp,13,39,14,35,27,25,300.0,400.0,2.176470588235294,71.79411764705881,658.9843248463629,63.98438388015511,70.14958653846153
cpu,12,37,14,35,26,23,300.0,400.0,2.176470588235294,69.11764705882352,658.9843248463629,63.98438388015511,70.14958653846153
latency95,0,0,0,0,0,0,300.0,400.0,2.176470588235294,0.0,658.9843248463629,63.98438388015511,70.14958653846153
median_latency,0,0,0,0,0,0,300.0,400.0,2.176470588235294,0.0,658.9843248463629,63.98438388015511,70.14958653846153
memory,13,39,14,35,27,25,300.0,400.0,2.176470588235294,71.79411764705881,658.9843248463629,63.98438388015511,70.14958653846153
response_time,13,39,14,35,27,25,300.0,400.0,2.176470588235294,71.79411764705881,658.9843248463629,63.98438388015511,70.14958653846153
rps,13,39,14,35,27,25,300.0,400.0,2.176470588235294,71.79411764705881,658.9843248463629,63.98438388015511,70.14958653846153
