metric,response time exceeded,response time valid,cpu in threshold,cpu out of threshold,memory in threshold,memory out of threshold,average cpu limit,average memory limit,average pods,metric 50/50,median response time,average cpu usage,average memory usage
timestamp,50,11,18,37,15,46,603.6511904761904,438.5788690476191,3.1,153.65,1671.3956043956043,75.29560700728283,73.66346662763465
cpu,44,11,18,37,15,40,603.6511904761904,438.5788690476191,3.1,141.35000000000002,1671.3956043956043,75.29560700728283,73.66346662763465
latency95,50,11,18,37,15,46,603.6511904761904,438.5788690476191,3.1,153.65,1671.3956043956043,75.29560700728283,73.66346662763465
median_latency,50,11,18,37,15,46,603.6511904761904,438.5788690476191,3.1,153.65,1671.3956043956043,75.29560700728283,73.66346662763465
memory,50,11,18,37,15,46,603.6511904761904,438.5788690476191,3.1,153.65,1671.3956043956043,75.29560700728283,73.66346662763465
response_time,50,11,18,37,15,46,603.6511904761904,438.5788690476191,3.1,153.65,1671.3956043956043,75.29560700728283,73.66346662763465
rps,50,11,18,37,15,46,603.6511904761904,438.5788690476191,3.1,153.65,1671.3956043956043,75.29560700728283,73.66346662763465
