metric,response time exceeded,response time valid,cpu in threshold,cpu out of threshold,memory in threshold,memory out of threshold,average cpu limit,average memory limit,average pods,metric 50/50,median response time,average cpu usage,average memory usage
timestamp,47,14,12,48,24,37,630.1194322344322,426.71327838827835,4.0,193.5,1537.3825944170771,69.23461897914068,76.05061826697892
cpu,46,14,12,48,24,36,630.1194322344322,426.71327838827835,4.0,191.0,1537.3825944170771,69.23461897914068,76.05061826697892
latency95,47,14,12,48,24,37,630.1194322344322,426.71327838827835,4.0,193.5,1537.3825944170771,69.23461897914068,76.05061826697892
median_latency,47,14,12,48,24,37,630.1194322344322,426.71327838827835,4.0,193.5,1537.3825944170771,69.23461897914068,76.05061826697892
memory,47,14,12,48,24,37,630.1194322344322,426.71327838827835,4.0,193.5,1537.3825944170771,69.23461897914068,76.05061826697892
response_time,47,14,12,48,24,37,630.1194322344322,426.71327838827835,4.0,193.5,1537.3825944170771,69.23461897914068,76.05061826697892
rps,47,14,12,48,24,37,630.1194322344322,426.71327838827835,4.0,193.5,1537.3825944170771,69.23461897914068,76.05061826697892
