,cpu limit,memory limit,number of pods,cpu usage,memory usage,average response time
cpu limit,1.0,8.084397349092696e-17,9.473903143468002e-17,0.20055073497743245,-0.3014705602052838,0.08266672878122308
memory limit,8.084397349092696e-17,1.0,-1.1842378929335002e-17,-0.0017386022348636586,-0.5270523477090687,0.03543629846476836
number of pods,9.473903143468002e-17,-1.1842378929335002e-17,1.0,0.28795640311783416,0.04875925576714446,-0.1741777735491412
cpu usage,0.20055073497743245,-0.0017386022348636586,0.28795640311783416,1.0,-0.01832764182163976,0.6270708196319915
memory usage,-0.3014705602052838,-0.5270523477090687,0.04875925576714446,-0.01832764182163976,1.0,-0.13574252707818346
average response time,0.08266672878122308,0.03543629846476836,-0.1741777735491412,0.6270708196319915,-0.13574252707818346,1.0
