,Iteration,cpu throttled total,cpu usage,memory usage,cpu limit,memory limit,number of pods,average response time
Iteration,1.0,-0.04479084413178639,-0.05851538113486091,-0.08636962036758492,,0.17312778854365174,0.19611613513818485,-0.1703568264985723
cpu throttled total,-0.04479084413178639,1.0,0.376191373483154,0.11787882681581965,,0.8561725958846197,0.05168003747565361,0.7927600444012973
cpu usage,-0.05851538113486091,0.376191373483154,1.0,0.6561601860949949,,0.583215107144824,-0.04095140803063766,0.741878984585841
memory usage,-0.08636962036758492,0.11787882681581965,0.6561601860949949,1.0,,0.23548261049180969,-0.13445188191679644,0.43070640437513574
cpu limit,,,,,,,,
memory limit,0.17312778854365174,0.8561725958846197,0.583215107144824,0.23548261049180969,,1.0,-0.02596417565085998,0.6845700308745996
number of pods,0.19611613513818485,0.05168003747565361,-0.04095140803063766,-0.13445188191679644,,-0.02596417565085998,1.0,-0.051669940554384786
average response time,-0.1703568264985723,0.7927600444012973,0.741878984585841,0.43070640437513574,,0.6845700308745996,-0.051669940554384786,1.0
