,Iteration,cpu throttled total,cpu usage,memory usage,cpu limit,memory limit,number of pods,average response time
Iteration,1.0,0.018504678556438406,-0.17728369110980702,-0.10910725995234268,0.8728715609439696,0.050689654325950705,0.21821789023599214,-0.0804516655921429
cpu throttled total,0.018504678556438406,1.0,0.4727310654718078,0.25387752707390054,0.014290207005788588,0.9110154906513863,0.011006076833526677,0.7485306069669541
cpu usage,-0.17728369110980702,0.4727310654718078,1.0,0.4704552267551995,-0.15443123653866753,0.5452789015575003,-0.06638489146872231,0.6760221169801192
memory usage,-0.10910725995234268,0.25387752707390054,0.4704552267551995,1.0,-0.024838799510914944,0.22759017525569458,0.014251722356037364,0.3666452773024705
cpu limit,0.8728715609439696,0.014290207005788588,-0.15443123653866753,-0.024838799510914944,1.0,-1.3444185782304512e-17,-4.796163466380679e-16,-0.129278876084788
memory limit,0.050689654325950705,0.9110154906513863,0.5452789015575003,0.22759017525569458,-1.3444185782304512e-17,1.0,-3.976237982489616e-17,0.762014647360623
number of pods,0.21821789023599214,0.011006076833526677,-0.06638489146872231,0.014251722356037364,-4.796163466380679e-16,-3.976237982489616e-17,1.0,-0.02796695184559818
average response time,-0.0804516655921429,0.7485306069669541,0.6760221169801192,0.3666452773024705,-0.129278876084788,0.762014647360623,-0.02796695184559818,1.0
