,cpu limit,memory limit,number of pods,average response time,cpu usage,memory usage
cpu limit,1.0,-7.194344876621468e-16,-3.369677870068702e-16,-0.17766324557348986,-0.04629018570569852,0.011698816984377821
memory limit,-7.194344876621468e-16,1.0,-6.516111728573574e-16,-0.12620103702596183,-0.41355166390832976,-0.9543790087012214
number of pods,-3.369677870068702e-16,-6.516111728573574e-16,1.0,-0.042892061737972366,-0.03520107520403241,0.000998825353959104
average response time,-0.17766324557348986,-0.12620103702596183,-0.042892061737972366,1.0,0.3780151187056306,-0.019608764753775328
cpu usage,-0.04629018570569852,-0.41355166390832976,-0.03520107520403241,0.3780151187056306,1.0,0.38171093296721037
memory usage,0.011698816984377821,-0.9543790087012214,0.000998825353959104,-0.019608764753775328,0.38171093296721037,1.0
