metric,response time exceeded,response time valid,cpu in threshold,cpu out of threshold,memory in threshold,memory out of threshold,average cpu limit,average memory limit,average pods,metric 50/50,median response time,average cpu usage,average memory usage
timestamp,31,30,13,48,0,61,543.0483333333334,551.6083333333333,2.35,143.57500000000002,1062.018315018315,62.597999823008124,49.3958825136612
cpu,31,30,13,48,0,61,543.0483333333334,551.6083333333333,2.35,143.57500000000002,1062.018315018315,62.597999823008124,49.3958825136612
latency95,31,30,13,48,0,61,543.0483333333334,551.6083333333333,2.35,143.57500000000002,1062.018315018315,62.597999823008124,49.3958825136612
median_latency,31,30,13,48,0,61,543.0483333333334,551.6083333333333,2.35,143.57500000000002,1062.018315018315,62.597999823008124,49.3958825136612
memory,31,30,13,48,0,61,543.0483333333334,551.6083333333333,2.35,143.57500000000002,1062.018315018315,62.597999823008124,49.3958825136612
response_time,31,30,13,48,0,61,543.0483333333334,551.6083333333333,2.35,143.57500000000002,1062.018315018315,62.597999823008124,49.3958825136612
rps,31,30,13,48,0,61,543.0483333333334,551.6083333333333,2.35,143.57500000000002,1062.018315018315,62.597999823008124,49.3958825136612
