metric,response time exceeded,response time valid,cpu in threshold,cpu out of threshold,memory in threshold,memory out of threshold,average cpu limit,average memory limit,average pods,metric 50/50,metric 60/40,average response time,average cpu usage,average memory usage
timestamp,12,40,7,43,33,19,300.0,400.0,2.0,22.0,20.0,757.137739795331,59.82507054809158,73.86544871794872
cpu,12,38,7,43,32,18,300.0,400.0,2.0,21.75,19.799999999999997,757.137739795331,59.82507054809158,73.86544871794872
latency95,12,40,7,43,33,19,300.0,400.0,2.0,22.0,20.0,757.137739795331,59.82507054809158,73.86544871794872
median_latency,12,40,7,43,33,19,300.0,400.0,2.0,22.0,20.0,757.137739795331,59.82507054809158,73.86544871794872
memory,12,40,7,43,33,19,300.0,400.0,2.0,22.0,20.0,757.137739795331,59.82507054809158,73.86544871794872
response_time,12,40,7,43,33,19,300.0,400.0,2.0,22.0,20.0,757.137739795331,59.82507054809158,73.86544871794872
rps,12,40,7,43,33,19,300.0,400.0,2.0,22.0,20.0,757.137739795331,59.82507054809158,73.86544871794872
