metric,response time exceeded,response time valid,cpu in threshold,cpu out of threshold,memory in threshold,memory out of threshold,average cpu limit,average memory limit,average pods,metric 50/50,median response time,average cpu usage,average memory usage
timestamp,4,57,3,57,46,15,500.0,500.0,1.95,72.2,170.7508235998802,29.427567566596693,70.09081967213115
cpu,4,56,3,57,45,15,500.0,500.0,1.95,72.2,170.7508235998802,29.427567566596693,70.09081967213115
latency95,4,57,3,57,46,15,500.0,500.0,1.95,72.2,170.7508235998802,29.427567566596693,70.09081967213115
median_latency,4,57,3,57,46,15,500.0,500.0,1.95,72.2,170.7508235998802,29.427567566596693,70.09081967213115
memory,4,57,3,57,46,15,500.0,500.0,1.95,72.2,170.7508235998802,29.427567566596693,70.09081967213115
response_time,4,57,3,57,46,15,500.0,500.0,1.95,72.2,170.7508235998802,29.427567566596693,70.09081967213115
rps,4,57,3,57,46,15,500.0,500.0,1.95,72.2,170.7508235998802,29.427567566596693,70.09081967213115
