Type,Name,Request Count,Failure Count,Median Response Time,Average Response Time,Min Response Time,Max Response Time,Average Content Size,Requests/s,Failures/s,9000%,5000%
GET,//,100,0,0,4.369999999944412,0,16.00000000325963,2586.0,7.042284239941005,0.0,16,16
POST,//api/user/login,100,0,15,9.340000000083819,0,62.000000001717126,92.0,7.042284239941005,0.0,62,62
,Aggregated,200,0,0,6.855000000014115,0,62.000000001717126,1339.0,14.08456847988201,0.0,62,62
