metric,response time exceeded,response time valid,cpu in threshold,cpu out of threshold,memory in threshold,memory out of threshold,average cpu limit,average memory limit,average pods,metric 50/50,metric 60/40,average response time,average cpu usage,average memory usage
timestamp,50,2,13,37,32,20,300.0,400.0,4.333333333333333,40.333333333333336,42.266666666666666,2771.1738967358397,53.592976907212424,70.66620512820514
cpu,48,2,13,37,31,19,300.0,400.0,4.333333333333333,39.083333333333336,40.86666666666667,2771.1738967358397,53.592976907212424,70.66620512820514
latency95,0,0,0,0,0,0,300.0,400.0,4.333333333333333,1.0833333333333333,0.8666666666666667,2771.1738967358397,53.592976907212424,70.66620512820514
median_latency,0,0,0,0,0,0,300.0,400.0,4.333333333333333,1.0833333333333333,0.8666666666666667,2771.1738967358397,53.592976907212424,70.66620512820514
memory,50,2,13,37,32,20,300.0,400.0,4.333333333333333,40.333333333333336,42.266666666666666,2771.1738967358397,53.592976907212424,70.66620512820514
response_time,50,2,13,37,32,20,300.0,400.0,4.333333333333333,40.333333333333336,42.266666666666666,2771.1738967358397,53.592976907212424,70.66620512820514
rps,50,1,13,36,32,19,300.0,400.0,4.333333333333333,39.833333333333336,41.86666666666667,2771.1738967358397,53.592976907212424,70.66620512820514
