Type,Name,Request Count,Failure Count,Median Response Time,Average Response Time,Min Response Time,Max Response Time,Average Content Size,Requests/s,Failures/s,9000%,5000%
GET,/,1593,3,97,201.00251098556183,12,26240,8644.976773383552,2.7390776956619693,0.005158338409909547,26000,26000
POST,/cartAction,4739,1,5,19.7632411901245,2,641,0.0,8.148455241520447,0.0017194461366365156,640,640
GET,/category,3920,7,100,156.7002551020408,14,39390,8650.270918367347,6.740228855615141,0.012036122956455609,39000,39000
GET,/login,1593,4,99,195.8016321406152,12,39499,9637.485875706214,2.7390776956619693,0.006877784546546062,39000,39000
POST,/loginAction,3181,4,100,175.24394844388556,12,39504,8648.256837472492,5.469558160640756,0.006877784546546062,40000,40000
GET,/product,3918,1,100,177.21056661562022,15,39390,8654.790454313425,6.736789963341868,0.0017194461366365156,39000,39000
GET,/profile,1591,3,120,172.99748585795098,17,6082,8644.961659333752,2.7356388033886962,0.005158338409909547,6100,6100
,Aggregated,20535,23,94,139.61689797906016,2,39504,6730.3010956902845,35.30882641583085,0.03954726114263986,40000,40000
