metric,response time exceeded,response time valid,cpu in threshold,cpu out of threshold,memory in threshold,memory out of threshold,average cpu limit,average memory limit,average pods,metric 50/50,median response time,average cpu usage,average memory usage
timestamp,26,35,12,36,21,35,537.7809523809524,439.8494047619048,2.1,87.55,796.9570320270539,69.32209958744694,79.81400935374151
cpu,16,32,12,36,18,30,537.7809523809524,439.8494047619048,2.1,77.3,796.9570320270539,69.32209958744694,79.81400935374151
latency95,26,35,12,36,21,35,537.7809523809524,439.8494047619048,2.1,87.55,796.9570320270539,69.32209958744694,79.81400935374151
median_latency,26,35,12,36,21,35,537.7809523809524,439.8494047619048,2.1,87.55,796.9570320270539,69.32209958744694,79.81400935374151
memory,22,34,12,36,21,35,537.7809523809524,439.8494047619048,2.1,85.55,796.9570320270539,69.32209958744694,79.81400935374151
response_time,26,35,12,36,21,35,537.7809523809524,439.8494047619048,2.1,87.55,796.9570320270539,69.32209958744694,79.81400935374151
rps,26,35,12,36,21,35,537.7809523809524,439.8494047619048,2.1,87.55,796.9570320270539,69.32209958744694,79.81400935374151
